star_id,x_pixel,y_pixel,flux,magnitude
2,6.65,505.95,16243.74,4.473285
6,225.96,572.02,11964.01,4.805308
7,269.56,753.03,14468.18,4.598965
11,166.92,792.05,30460.85,3.790645
12,51.31,825.26,11573.43,4.841345
